"","RT","leg","div","id_taxo","distance","id_loca","serie","position","PAR","numPL","Fine roots","Limb","Leaves","Stem","Taproot","NA"
"1",1,"Leg-","Div0","Bra_napus",-15,"RT01_d-15","s1","1",488.79,"4",2.0184,2.4297,2.2377,2.1354,1.9229,NA
"2",1,"Leg-","Div0","Bra_napus",0,"RT01_d0","s1","1",488.79,"9",1.9857,1.1757,1.3761,1.4123,1.7775,NA
"3",1,"Leg-","Div0","Bra_napus",15,"RT01_d+15","s1","1",488.79,"14",2.0251,1.9401,2.2514,1.9871,1.7899,NA
"4",1,"Leg-","Div0","Lol_peren",-3,"RT01_d-3","s1","1",488.79,"8",1.0963,1.0866,0.8845,NA,NA,NA
"5",1,"Leg-","Div0","Lol_peren",-12,"RT01_d-12","s1","1",488.79,"5",1.1991,1.158,0.8835,NA,NA,NA
"6",1,"Leg-","Div0","Lol_peren",9,"RT01_d+9","s1","1",488.79,"12",1.1097,0.8823,0.7728,NA,NA,NA
"7",2,"Leg-","Div1","Bra_napus",-15,"RT02_d-15","s1","2",544,"4",2.4832,4.44385,3.692,NA,2.0534,NA
"8",2,"Leg-","Div1","Bra_napus",15,"RT02_d+15","s1","2",544,"14",2.3165,2.3901,2.3036,1.9854,1.8316,NA
"9",2,"Leg-","Div1","Bra_napus",0,"RT02_d0","s1","2",544,"9",2.0647,3.3412,3.7768,3.296,2.6094,NA
"10",2,"Leg-","Div1","Lol_peren",-12,"RT02_d-12","s1","2",544,"5",1.4015,3.5573,2.4439,NA,NA,NA
"11",2,"Leg-","Div1","Lol_peren",-3,"RT02_d-3","s1","2",544,"8",1.5463,2.9667,2.3985,NA,NA,NA
"12",2,"Leg-","Div1","Lol_peren",9,"RT02_d+9","s1","2",544,"12",0.9752,0.8314,0.8357,NA,NA,NA
"13",3,"Leg-","Div2","Bra_napus",-15,"RT03_d-15","s1","3",564,"4",2.06555,1.737,1.8475,1.7871,1.576,NA
"14",3,"Leg-","Div2","Bra_napus",0,"RT03_d0","s1","3",564,"9",1.8064,2.1763,2.7957,2.8721,2.045,NA
"15",3,"Leg-","Div2","Lol_peren",-12,"RT03_d-12","s1","3",564,"5",1.3922,1.0159,1.1177,NA,NA,NA
"16",3,"Leg-","Div2","Lol_peren",9,"RT03_d+9","s1","3",564,"12",0.8069,1.0931,1.0747,NA,NA,NA
"17",3,"Leg-","Div2","Lol_peren",-3,"RT03_d-3","s1","3",564,"8",0.8401,NA,1.5868,NA,NA,NA
"18",3,"Leg-","Div2","Bra_napus",15,"RT03_d+15","s1","3",564,"14",2.2076,2.34485,2.35785,1.8456,2.077,NA
"19",4,"Leg-","Div3","Bra_napus",-15,"RT04_d-15","s1","4",551,"4",1.89345,1.4185,1.1,1.2616,1.6483,NA
"20",4,"Leg-","Div3","Lol_peren",-12,"RT04_d-12","s1","4",551,"5",0.9797,0.9652,0.9752,NA,NA,NA
"21",4,"Leg-","Div3","Bra_napus",0,"RT04_d0","s1","4",551,"9",2.0696,2.3866,2.819,2.6024,1.9374,NA
"22",4,"Leg-","Div3","Lol_peren",-3,"RT04_d-3","s1","4",551,"8",0.9814,1.2332,1.2646,NA,NA,NA
"23",4,"Leg-","Div3","Bra_napus",15,"RT04_d+15","s1","4",551,"14",1.8558,1.3508,0.897,1.5797,1.6222,NA
"24",4,"Leg-","Div3","Lol_peren",9,"RT04_d+9","s1","4",551,"12",1.2294,1.1884,1.1078,NA,NA,NA
"25",5,"Leg-","Div0","Lol_peren",9,"RT05_d+9","s1","5",584.666666666667,"12",1.134,NA,0.9449,NA,NA,NA
"26",5,"Leg-","Div0","Lol_peren",-3,"RT05_d-3","s1","5",584.666666666667,"8",0.9207,1.0229,1.0948,NA,NA,NA
"27",5,"Leg-","Div0","Lol_peren",-12,"RT05_d-12","s1","5",584.666666666667,"5",0.9045,0.8338,0.9106,NA,NA,NA
"28",5,"Leg-","Div0","Bra_napus",0,"RT05_d0","s1","5",584.666666666667,"9",1.9573,2.3894,2.7774,2.4936,1.9971,NA
"29",5,"Leg-","Div0","Bra_napus",15,"RT05_d+15","s1","5",584.666666666667,"14",2.34145,1.4335,1.3877,1.1912,1.7635,NA
"30",6,"Leg-","Div1","Bra_napus",-15,"RT06_d-15","s1","6",553.333333333333,"4",1.8042,2.7898,2.5046,2.2694,1.9297,NA
"31",6,"Leg-","Div1","Bra_napus",15,"RT06_d+15","s1","6",553.333333333333,"14",1.9152,NA,1.3394,1.1837,NA,NA
"32",6,"Leg-","Div1","Lol_peren",-12,"RT06_d-12","s1","6",553.333333333333,"5",1.019,0.9296,0.9838,NA,NA,NA
"33",6,"Leg-","Div1","Bra_napus",0,"RT06_d0","s1","6",553.333333333333,"9",1.9254,1.6009,2.6959,2.1928,1.8985,NA
"34",6,"Leg-","Div1","Lol_peren",9,"RT06_d+9","s1","6",553.333333333333,"12",2.2654,NA,3.3389,NA,NA,NA
"35",6,"Leg-","Div1","Lol_peren",-3,"RT06_d-3","s1","6",553.333333333333,"8",1.019,2.588,1.2378,NA,NA,NA
"36",7,"Leg-","Div2","Bra_napus",-15,"RT07_d-15","s1","7",546,"4",2.0456,1.4538,1.8213,1.621,1.5804,NA
"37",7,"Leg-","Div2","Lol_peren",9,"RT07_d+9","s1","7",546,"12",1.1975,1.0062,0.836,NA,NA,NA
"38",7,"Leg-","Div2","Lol_peren",-12,"RT07_d-12","s1","7",546,"5",0.8791,0.836,0.9214,NA,NA,NA
"39",7,"Leg-","Div2","Bra_napus",0,"RT07_d0","s1","7",546,"9",2.025,2.2225,2.748,2.8241,2.0618,NA
"40",7,"Leg-","Div2","Bra_napus",15,"RT07_d+15","s1","7",546,"14",2.0919,0.8156,0.9091,1.0914,1.2782,NA
"41",7,"Leg-","Div2","Lol_peren",-3,"RT07_d-3","s1","7",546,"8",0.9659,1.2058,1.1129,NA,NA,NA
"42",8,"Leg-","Div3","Bra_napus",-15,"RT08_d-15","s1","8",523.333333333333,"4",1.7716,2.0865,2.3181,2.1973,2.0935,NA
"43",8,"Leg-","Div3","Bra_napus",0,"RT08_d0","s1","8",523.333333333333,"9",2.0229,2.124,2.3509,2.1897,1.9185,NA
"44",8,"Leg-","Div3","Lol_peren",-12,"RT08_d-12","s1","8",523.333333333333,"5",NA,1.1867,1.2051,NA,NA,NA
"45",8,"Leg-","Div3","Lol_peren",9,"RT08_d+9","s1","8",523.333333333333,"12",1.2849,1.5632,1.5969,NA,NA,NA
"46",8,"Leg-","Div3","Lol_peren",-3,"RT08_d-3","s1","8",523.333333333333,"8",0.8857,1.1086,0.9014,NA,NA,NA
"47",8,"Leg-","Div3","Bra_napus",15,"RT08_d+15","s1","8",523.333333333333,"14",NA,NA,4.6287,NA,NA,NA
"48",9,"Leg-","Div0","Bra_napus",-15,"RT09_d-15","s1","9",527,"4",1.6782,2.8796,3.1885,2.5994,2.4154,NA
"49",9,"Leg-","Div0","Bra_napus",0,"RT09_d0","s1","9",527,"9",2.0121,2.8017,2.8397,2.6766,2.3238,NA
"50",9,"Leg-","Div0","Lol_peren",9,"RT09_d+9","s1","9",527,"12",1.3575,NA,1.2243,NA,NA,NA
"51",9,"Leg-","Div0","Lol_peren",-12,"RT09_d-12","s1","9",527,"5",0.9004,0.8814,0.8948,NA,NA,NA
"52",9,"Leg-","Div0","Lol_peren",-3,"RT09_d-3","s1","9",527,"8",1.1204,1.1924,1.0482,NA,NA,NA
"53",10,"Leg-","Div1","Lol_peren",-24,"RT10_d-24","s1","10",523.333333333333,"1",NA,1.4253,NA,NA,NA,NA
"54",10,"Leg-","Div1","Bra_napus",-15,"RT10_d-15","s1","10",523.333333333333,"4",2.29485,1.2338,1.25645,1.4048,1.6893,NA
"55",10,"Leg-","Div1","Lol_peren",-12,"RT10_d-12","s1","10",523.333333333333,"5",1.0281,0.8087,0.9408,NA,NA,NA
"56",10,"Leg-","Div1","Bra_napus",0,"RT10_d0","s1","10",523.333333333333,"9",2.2778,NA,2.1744,2.4673,2.19615,NA
"57",10,"Leg-","Div1","Bra_napus",15,"RT10_d+15","s1","10",523.333333333333,"14",2.246,1.9489,2.0007,2.2912,1.7724,NA
"58",10,"Leg-","Div1","Lol_peren",-3,"RT10_d-3","s1","10",523.333333333333,"8",0.9937,0.8861,1.0806,0.6885,NA,NA
"59",10,"Leg-","Div1","Lol_peren",9,"RT10_d+9","s1","10",523.333333333333,"12",1.2015,1.3267,1.2376,NA,NA,NA
"60",11,"Leg+","Div0","Tri_alexa",12,"RT11_d+12","s1","10",507.333333333333,"5",3.2427,2.6865,2.2388,3.6304,NA,NA
"61",11,"Leg+","Div0","Bra_napus",-15,"RT11_d-15","s1","10",507.333333333333,"14",1.2994,0.9486,0.8978,NA,NA,NA
"62",11,"Leg+","Div0","Tri_alexa",-3,"RT11_d-3","s1","10",507.333333333333,"10",2.9078,2.8097,2.1498,3.2117,NA,NA
"63",11,"Leg+","Div0","Tri_alexa",6,"RT11_d+6","s1","10",507.333333333333,"7",3.1136,2.9212,2.1351,3.4594,NA,NA
"64",11,"Leg+","Div0","Lol_peren",-12,"RT11_d-12","s1","10",507.333333333333,"13",1.5147,NA,0.862,NA,NA,NA
"65",11,"Leg+","Div0","Tri_alexa",-9,"RT11_d-9","s1","10",507.333333333333,"12",2.9349,3.0531,2.3877,2.4812,NA,NA
"66",11,"Leg+","Div0","Bra_napus",15,"RT11_d+15","s1","10",507.333333333333,"4",1.9731,2.2576,1.81615,2.0064,1.7406,NA
"67",11,"Leg+","Div0","Bra_napus",0,"RT11_d0","s1","10",507.333333333333,"9",1.9925,2.1392,2.086,1.5109,1.7135,NA
"68",11,"Leg+","Div0","Lol_peren",9,"RT11_d+9","s1","10",507.333333333333,"6",1.4592,1.0754,1.0978,NA,NA,NA
"69",12,"Leg+","Div1","Bra_napus",-15,"RT12_d-15","s1","9",532,"14",2.2789,0.8317,0.9335,1.209,1.427,NA
"70",12,"Leg+","Div1","Bra_napus",0,"RT12_d0","s1","9",532,"9",1.9079,2.2573,2.0638,2.1654,1.8607,NA
"71",12,"Leg+","Div1","Lol_peren",-12,"RT12_d-12","s1","9",532,"13",1.1148,0.8667,0.7244,NA,NA,NA
"72",12,"Leg+","Div1","Tri_alexa",-3,"RT12_d-3","s1","9",532,"10",2.4147,2.2302,2.3818,2.5242,NA,NA
"73",12,"Leg+","Div1","Tri_alexa",-9,"RT12_d-9","s1","9",532,"12",2.7294,NA,2.1364,1.9238,NA,NA
"74",12,"Leg+","Div1","Lol_peren",9,"RT12_d+9","s1","9",532,"6",1.2061,1.0216,0.93755,NA,NA,NA
"75",12,"Leg+","Div1","Bra_napus",15,"RT12_d+15","s1","9",532,"4",2.0341,1.1793,1.36,1.7275,1.65695,NA
"76",12,"Leg+","Div1","Tri_alexa",12,"RT12_d+12","s1","9",532,"5",2.8711,NA,2.4448,2.4185,NA,NA
"77",13,"Leg+","Div2","Bra_napus",-15,"RT13_d-15","s1","8",508.333333333333,"14",2.0717,0.906,1.3784,1.5085,1.6441,NA
"78",13,"Leg+","Div2","Bra_napus",0,"RT13_d0","s1","8",508.333333333333,"9",1.7702,2.413,2.3969,2.3776,2.0282,NA
"79",13,"Leg+","Div2","Tri_alexa",-9,"RT13_d-9","s1","8",508.333333333333,"12",2.2975,1.9986,1.7163,1.8236,NA,NA
"80",13,"Leg+","Div2","Tri_alexa",-3,"RT13_d-3","s1","8",508.333333333333,"10",2.1153,NA,1.847,2.1551,NA,NA
"81",13,"Leg+","Div2","Tri_alexa",6,"RT13_d+6","s1","8",508.333333333333,"7",2.4545,2.8608,2.5719,1.9171,NA,NA
"82",13,"Leg+","Div2","Lol_peren",-12,"RT13_d-12","s1","8",508.333333333333,"13",1.0873,NA,0.8161,NA,NA,NA
"83",13,"Leg+","Div2","Tri_alexa",12,"RT13_d+12","s1","8",508.333333333333,"5",NA,NA,2.404,NA,NA,NA
"84",13,"Leg+","Div2","Bra_napus",15,"RT13_d+15","s1","8",508.333333333333,"4",1.8926,1.2274,1.5223,1.6632,1.5036,NA
"85",13,"Leg+","Div2","Lol_peren",9,"RT13_d+9","s1","8",508.333333333333,"6",1.1587,0.9344,1.1656,NA,NA,NA
"86",14,"Leg+","Div3","Bra_napus",0,"RT14_d0","s1","7",521.333333333333,"9",2.034,2.2719,2.3387,2.1595,1.9987,NA
"87",14,"Leg+","Div3","Bra_napus",-15,"RT14_d-15","s1","7",521.333333333333,"14",2.1898,3.0224,2.9579,2.5927,NA,NA
"88",14,"Leg+","Div3","Tri_alexa",6,"RT14_d+6","s1","7",521.333333333333,"7",NA,NA,3.088,2.2107,NA,NA
"89",14,"Leg+","Div3","Bra_napus",15,"RT14_d+15","s1","7",521.333333333333,"4",1.8468,1.6814,1.86225,1.6733,1.7421,NA
"90",14,"Leg+","Div3","Tri_alexa",12,"RT14_d+12","s1","7",521.333333333333,"5",NA,2.2861,2.5761,3.5443,NA,NA
"91",14,"Leg+","Div3","Tri_alexa",-3,"RT14_d-3","s1","7",521.333333333333,"10",2.7369,NA,2.2372,2.4639,NA,NA
"92",14,"Leg+","Div3","Lol_peren",-12,"RT14_d-12","s1","7",521.333333333333,"13",1.4291,1.1685,1.0705,NA,NA,NA
"93",14,"Leg+","Div3","Tri_alexa",-9,"RT14_d-9","s1","7",521.333333333333,"12",3.1824,2.9793,3.1112,2.1921,NA,NA
"94",14,"Leg+","Div3","Lol_peren",9,"RT14_d+9","s1","7",521.333333333333,"6",1.0437,0.9992,0.9639,NA,NA,NA
"95",15,"Leg+","Div0","Bra_napus",0,"RT15_d0","s1","6",549.666666666667,"9",2.0259,1.7583,2.2872,2.2028,1.8371,NA
"96",15,"Leg+","Div0","Lol_peren",-12,"RT15_d-12","s1","6",549.666666666667,"13",1.058,1.1458,0.9603,NA,NA,NA
"97",15,"Leg+","Div0","Bra_napus",-15,"RT15_d-15","s1","6",549.666666666667,"14",1.85205,0.9435,1.2244,1.4129,1.41275,NA
"98",15,"Leg+","Div0","Tri_alexa",-3,"RT15_d-3","s1","6",549.666666666667,"10",2.937,NA,2.6073,2.4895,NA,NA
"99",15,"Leg+","Div0","Tri_alexa",12,"RT15_d+12","s1","6",549.666666666667,"5",2.475,2.7324,2.6109,2.3891,NA,NA
"100",15,"Leg+","Div0","Lol_peren",9,"RT15_d+9","s1","6",549.666666666667,"6",0.8848,1.0949,0.9021,NA,NA,NA
"101",15,"Leg+","Div0","Bra_napus",15,"RT15_d+15","s1","6",549.666666666667,"4",2.0111,1.8147,2.1241,1.9015,1.5902,NA
"102",15,"Leg+","Div0","Tri_alexa",-9,"RT15_d-9","s1","6",549.666666666667,"12",NA,NA,2.6344,2.092,NA,NA
"103",16,"Leg+","Div1","Bra_napus",0,"RT16_d0","s1","5",553,"9",2.2555,1.7877,2.2954,2.2155,1.8852,NA
"104",16,"Leg+","Div1","Tri_alexa",12,"RT16_d+12","s1","5",553,"5",2.5021,NA,2.202,2.4709,NA,NA
"105",16,"Leg+","Div1","Lol_peren",-12,"RT16_d-12","s1","5",553,"13",NA,NA,1.27,NA,NA,NA
"106",16,"Leg+","Div1","Bra_napus",15,"RT16_d+15","s1","5",553,"4",1.8449,1.4872,2.3534,2.2222,1.6923,NA
"107",16,"Leg+","Div1","Lol_peren",9,"RT16_d+9","s1","5",553,"6",0.9932,0.8796,0.9279,NA,NA,NA
"108",16,"Leg+","Div1","Tri_alexa",6,"RT16_d+6","s1","5",553,"7",2.4523,NA,3.4002,1.9508,NA,NA
"109",17,"Leg+","Div2","Bra_napus",-15,"RT17_d-15","s1","4",556,"14",2.3165,2.3925,2.6226,2.5064,1.8851,NA
"110",17,"Leg+","Div2","Bra_napus",0,"RT17_d0","s1","4",556,"9",2.8051,2.3605,1.9509,1.9319,NA,NA
"111",17,"Leg+","Div2","Tri_alexa",-9,"RT17_d-9","s1","4",556,"12",2.2743,NA,2.4521,1.8356,NA,NA
"112",17,"Leg+","Div2","Tri_alexa",6,"RT17_d+6","s1","4",556,"7",2.8907,2.9829,2.7424,2.582,NA,NA
"113",17,"Leg+","Div2","Lol_peren",-12,"RT17_d-12","s1","4",556,"13",1.0478,1.4723,1.4384,NA,NA,NA
"114",17,"Leg+","Div2","Tri_alexa",-3,"RT17_d-3","s1","4",556,"10",2.8282,3.1155,3.1667,2.3359,NA,NA
"115",17,"Leg+","Div2","Lol_peren",9,"RT17_d+9","s1","4",556,"6",1.3428,1.4669,1.5,NA,NA,NA
"116",18,"Leg+","Div3","Bra_napus",-15,"RT18_d-15","s1","3",541,"14",2.113,2.2024,3.0849,2.0516,1.946,NA
"117",18,"Leg+","Div3","Bra_napus",0,"RT18_d0","s1","3",541,"9",1.7657,2.7806,2.9979,2.7274,2.3466,NA
"118",18,"Leg+","Div3","Tri_alexa",12,"RT18_d+12","s1","3",541,"5",NA,NA,2.7245,1.7518,NA,NA
"119",18,"Leg+","Div3","Lol_peren",9,"RT18_d+9","s1","3",541,"6",1.1034,1.4799,1.2991,NA,NA,NA
"120",18,"Leg+","Div3","Lol_peren",-12,"RT18_d-12","s1","3",541,"13",NA,1.4618,NA,NA,NA,NA
"121",18,"Leg+","Div3","Tri_alexa",6,"RT18_d+6","s1","3",541,"7",3.1043,NA,2.9407,2.5262,NA,NA
"122",18,"Leg+","Div3","Tri_alexa",-3,"RT18_d-3","s1","3",541,"10",2.5864,NA,2.9348,2.365,NA,NA
"123",18,"Leg+","Div3","Bra_napus",15,"RT18_d+15","s1","3",541,"4",2.474,1.6834,1.556,1.8737,1.7408,NA
"124",19,"Leg+","Div0","Bra_napus",-15,"RT19_d-15","s1","2",547.666666666667,"14",2.1573,1.1938,1.92265,1.7288,1.9974,NA
"125",19,"Leg+","Div0","Tri_alexa",12,"RT19_d+12","s1","2",547.666666666667,"5",2.5925,NA,3.4299,2.8383,NA,NA
"126",19,"Leg+","Div0","Bra_napus",0,"RT19_d0","s1","2",547.666666666667,"9",2.0018,2.2862,2.2114,2.2981,2.0233,NA
"127",19,"Leg+","Div0","Tri_alexa",-3,"RT19_d-3","s1","2",547.666666666667,"10",2.2139,NA,3.2064,2.4138,NA,NA
"128",19,"Leg+","Div0","Lol_peren",-12,"RT19_d-12","s1","2",547.666666666667,"13",1.2795,0.8495,0.7878,NA,NA,NA
"129",19,"Leg+","Div0","Tri_alexa",-9,"RT19_d-9","s1","2",547.666666666667,"12",2.834,NA,2.5194,2.379,NA,NA
"130",19,"Leg+","Div0","Tri_alexa",6,"RT19_d+6","s1","2",547.666666666667,"7",2.1887,NA,3.3384,1.7411,NA,NA
"131",19,"Leg+","Div0","Bra_napus",15,"RT19_d+15","s1","2",547.666666666667,"4",1.9482,1.7399,2.194,2.082,1.8667,NA
"132",19,"Leg+","Div0","Lol_peren",9,"RT19_d+9","s1","2",547.666666666667,"6",1.088,0.887,0.8841,NA,NA,NA
"133",20,"Leg+","Div1","Bra_napus",0,"RT20_d0","s1","1",530.333333333333,"9",2.1522,2.4384,2.0014,2.2637,1.6648,NA
"134",20,"Leg+","Div1","Lol_peren",9,"RT20_d+9","s1","1",530.333333333333,"6",0.9092,0.7865,0.8177,NA,NA,NA
"135",20,"Leg+","Div1","Tri_alexa",12,"RT20_d+12","s1","1",530.333333333333,"5",4.1988,3.2379,2.6362,NA,NA,NA
"136",20,"Leg+","Div1","Tri_alexa",-3,"RT20_d-3","s1","1",530.333333333333,"10",NA,NA,2.6787,2.3575,NA,NA
"137",20,"Leg+","Div1","Bra_napus",15,"RT20_d+15","s1","1",530.333333333333,"4",2.196,1.6672,2.2181,1.7509,2.1178,NA
"138",20,"Leg+","Div1","Tri_alexa",-9,"RT20_d-9","s1","1",530.333333333333,"12",NA,1.2187,1.5172,NA,NA,NA
"139",20,"Leg+","Div1","Lol_peren",-12,"RT20_d-12","s1","1",530.333333333333,"13",1.0844,0.7142,0.8298,NA,NA,NA
"140",20,"Leg+","Div1","Bra_napus",-15,"RT20_d-15","s1","1",530.333333333333,"14",2.2139,2.1534,2.4718,2.4225,2.0285,NA
"141",20,"Leg+","Div1","Tri_alexa",6,"RT20_d+6","s1","1",530.333333333333,"7",NA,NA,3.0788,NA,NA,NA
"142",21,"Leg-","Div2","Bra_napus",0,"RT21_d0","s2","1",530.333333333333,"9",1.9774,NA,2.753,2.4624,2.0502,1.9196
"143",21,"Leg-","Div2","Lol_peren",-12,"RT21_d-12","s2","1",530.333333333333,"13",1.0012,NA,0.7288,NA,NA,NA
"144",21,"Leg-","Div2","Bra_napus",15,"RT21_d+15","s2","1",530.333333333333,"4",1.8637,NA,2.626,1.9537,2.038,2.3307
"145",21,"Leg-","Div2","Lol_peren",-3,"RT21_d-3","s2","1",530.333333333333,"10",0.8433,NA,1.1153,NA,NA,1.0424
"146",21,"Leg-","Div2","Lol_peren",9,"RT21_d+9","s2","1",530.333333333333,"6",0.7996,NA,1.2146,NA,NA,1.3099
"147",21,"Leg-","Div2","Bra_napus",-15,"RT21_d-15","s2","1",530.333333333333,"14",1.8605,NA,2.3426,2.0542,1.90465,1.6001
"148",22,"Leg-","Div3","Lol_peren",-12,"RT22_d-12","s2","2",547.666666666667,"13",0.6752,NA,1.5377,NA,NA,1.4976
"149",22,"Leg-","Div3","Lol_peren",-3,"RT22_d-3","s2","2",547.666666666667,"10",1.0627,NA,1.5615,NA,NA,1.403
"150",22,"Leg-","Div3","Bra_napus",-15,"RT22_d-15","s2","2",547.666666666667,"14",2.0769,NA,3.42055,2.3026,2.998,3.4895
"151",22,"Leg-","Div3","Bra_napus",0,"RT22_d0","s2","2",547.666666666667,"9",2.0191,NA,1.6738,1.6259,1.6888,1.4566
"152",22,"Leg-","Div3","Lol_peren",9,"RT22_d+9","s2","2",547.666666666667,"6",0.9102,NA,1.9083,NA,NA,1.5665
"153",22,"Leg-","Div3","Bra_napus",15,"RT22_d+15","s2","2",547.666666666667,"4",2.266,NA,NA,3.0908,2.7467,2.2199
"154",23,"Leg-","Div0","Bra_napus",-15,"RT23_d-15","s2","3",541,"14",12.5259,NA,1.0059,NA,NA,0.8675
"155",23,"Leg-","Div0","Bra_napus",0,"RT23_d0","s2","3",541,"9",2.2588,NA,3.3308,2.7339,2.4965,2.5251
"156",23,"Leg-","Div0","Lol_peren",-12,"RT23_d-12","s2","3",541,"13",0.8853,NA,1.2481,NA,NA,0.992
"157",23,"Leg-","Div0","Bra_napus",15,"RT23_d+15","s2","3",541,"4",2.0644,NA,3.6218,3.0738,2.63435,3.0149
"158",23,"Leg-","Div0","Lol_peren",-3,"RT23_d-3","s2","3",541,"10",1.2052,NA,1.9753,NA,NA,1.9768
"159",23,"Leg-","Div0","Lol_peren",9,"RT23_d+9","s2","3",541,"6",1.1725,NA,2.4721,NA,NA,2.4242
"160",24,"Leg-","Div1","Bra_napus",0,"RT24_d0","s2","4",556,"9",2.0122,NA,3.4335,3.2264,2.4589,3.1876
"161",24,"Leg-","Div1","Lol_peren",-3,"RT24_d-3","s2","4",556,"10",1.0888,NA,1.6337,NA,NA,NA
"162",24,"Leg-","Div1","Bra_napus",-15,"RT24_d-15","s2","4",556,"14",2.3207,NA,2.9393,2.25,2.1452,2.2198
"163",24,"Leg-","Div1","Bra_napus",15,"RT24_d+15","s2","4",556,"4",2.0278,NA,2.1992,1.7198,2.0423,1.6307
"164",24,"Leg-","Div1","Lol_peren",-12,"RT24_d-12","s2","4",556,"13",0.876,NA,0.8241,NA,NA,0.6751
"165",24,"Leg-","Div1","Lol_peren",9,"RT24_d+9","s2","4",556,"6",0.9895,NA,0.9168,NA,NA,0.9199
"166",25,"Leg-","Div2","Bra_napus",-15,"RT25_d-15","s2","5",553,"14",2.5432,NA,3.6756,3.0231,2.4934,2.7648
"167",25,"Leg-","Div2","Bra_napus",0,"RT25_d0","s2","5",553,"9",2.1865,NA,2.9722,2.4379,1.9684,2.3661
"168",25,"Leg-","Div2","Lol_peren",9,"RT25_d+9","s2","5",553,"6",0.7941,NA,0.9908,NA,NA,0.8167
"169",25,"Leg-","Div2","Lol_peren",-12,"RT25_d-12","s2","5",553,"13",1.0089,NA,1.3373,NA,NA,1.2073
"170",25,"Leg-","Div2","Lol_peren",-3,"RT25_d-3","s2","5",553,"10",0.8284,NA,0.7975,NA,NA,0.8457
"171",25,"Leg-","Div2","Bra_napus",15,"RT25_d+15","s2","5",553,"4",2.1409,NA,4.0843,3.263,1.634,2.8384
"172",26,"Leg-","Div3","Lol_peren",-12,"RT26_d-12","s2","6",549.666666666667,"13",1.1119,NA,1.6084,NA,NA,2.3383
"173",26,"Leg-","Div3","Lol_peren",9,"RT26_d+9","s2","6",549.666666666667,"6",0.8551,NA,1.4373,NA,NA,1.3833
"174",26,"Leg-","Div3","Bra_napus",-15,"RT26_d-15","s2","6",549.666666666667,"14",2.05985,NA,1.4821,2.0689,2.1648,1.5871
"175",26,"Leg-","Div3","Bra_napus",15,"RT26_d+15","s2","6",549.666666666667,"4",2.02655,NA,3.3353,2.9927,2.7112,2.7287
"176",26,"Leg-","Div3","Lol_peren",-3,"RT26_d-3","s2","6",549.666666666667,"10",1.1509,NA,1.384,NA,NA,1.5481
"177",26,"Leg-","Div3","Bra_napus",0,"RT26_d0","s2","6",549.666666666667,"9",2.1866,NA,3.5748,3.2339,2.8991,3.6333
"178",27,"Leg-","Div0","Lol_peren",-12,"RT27_d-12","s2","7",521.333333333333,"13",0.9213,NA,1.2263,NA,NA,1.1433
"179",27,"Leg-","Div0","Lol_peren",-3,"RT27_d-3","s2","7",521.333333333333,"10",0.9732,NA,NA,NA,NA,1.223625
"180",27,"Leg-","Div0","Lol_peren",9,"RT27_d+9","s2","7",521.333333333333,"6",NA,NA,1.0549,NA,NA,0.9883
"181",27,"Leg-","Div0","Bra_napus",-15,"RT27_d-15","s2","7",521.333333333333,"14",2.1047,NA,2.5889,2.9769,2.0086,2.702
"182",27,"Leg-","Div0","Bra_napus",0,"RT27_d0","s2","7",521.333333333333,"9",2.0923,NA,3.0101,2.9318,2.3702,2.8749
"183",27,"Leg-","Div0","Bra_napus",15,"RT27_d+15","s2","7",521.333333333333,"4",1.9426,NA,2.3434,2.0528,2.1507,1.633
"184",28,"Leg-","Div1","Lol_peren",-3,"RT28_d-3","s2","8",508.333333333333,"10",1.015,NA,1.22,NA,NA,1.1563
"185",28,"Leg-","Div1","Bra_napus",0,"RT28_d0","s2","8",508.333333333333,"9",2.1472,NA,3.262,2.4543,2.7149,2.9084
"186",28,"Leg-","Div1","Lol_peren",9,"RT28_d+9","s2","8",508.333333333333,"6",0.9077,NA,1.2952,NA,NA,1.2458
"187",28,"Leg-","Div1","Bra_napus",15,"RT28_d+15","s2","8",508.333333333333,"4",2.0707,NA,2.9948,2.6177,2.3233,3.0814
"188",28,"Leg-","Div1","Lol_peren",-12,"RT28_d-12","s2","8",508.333333333333,"13",0.9169,NA,1.2421,NA,NA,1.2848
"189",28,"Leg-","Div1","Bra_napus",-15,"RT28_d-15","s2","8",508.333333333333,"14",2.1276,NA,3.5068,3.1172,2.4349,3.069
"190",29,"Leg-","Div2","Bra_napus",15,"RT29_d+15","s2","9",532,"4",1.7519,NA,3.2574,3.0584,2.5908,2.6671
"191",29,"Leg-","Div2","Lol_peren",9,"RT29_d+9","s2","9",532,"6",0.7882,NA,1.2979,NA,NA,1.2681
"192",29,"Leg-","Div2","Lol_peren",-12,"RT29_d-12","s2","9",532,"13",0.7743,NA,0.7881,NA,NA,1.0241
"193",29,"Leg-","Div2","Lol_peren",-3,"RT29_d-3","s2","9",532,"10",1.0702,NA,1.6802,NA,NA,2.0145
"194",29,"Leg-","Div2","Bra_napus",0,"RT29_d0","s2","9",532,"9",1.9392,NA,2.9049,3.5307,2.207,2.681
"195",29,"Leg-","Div2","Bra_napus",-15,"RT29_d-15","s2","9",532,"14",2.066,NA,2.7319,2.5247,2.2558,2.3937
"196",30,"Leg-","Div3","Bra_napus",-15,"RT30_d-15","s2","10",507.333333333333,"14",2.4406,NA,3.4158,3.388,2.4959,3.69
"197",30,"Leg-","Div3","Lol_peren",-12,"RT30_d-12","s2","10",507.333333333333,"13",0.9409,NA,2.4366,NA,NA,3.0746
"198",30,"Leg-","Div3","Bra_napus",15,"RT30_d+15","s2","10",507.333333333333,"4",2.0887,NA,3.532,2.9295,2.3925,2.759
"199",30,"Leg-","Div3","Lol_peren",-3,"RT30_d-3","s2","10",507.333333333333,"10",1.2745,NA,1.2889,NA,NA,1.1237
"200",30,"Leg-","Div3","Bra_napus",0,"RT30_d0","s2","10",507.333333333333,"9",2.4885,NA,2.8279,3.1273,2.3471,3.0323
"201",30,"Leg-","Div3","Lol_peren",9,"RT30_d+9","s2","10",507.333333333333,"6",0.7896,NA,1.466,NA,NA,1.2329
"202",31,"Leg+","Div2","Tri_alexa",-9,"RT31_d-9","s2","10",523.333333333333,"6",NA,NA,2.2984,2.7283,NA,2.4055
"203",31,"Leg+","Div2","Lol_peren",-12,"RT31_d-12","s2","10",523.333333333333,"5",0.8068,NA,0.8975,NA,NA,0.9403
"204",31,"Leg+","Div2","Bra_napus",-15,"RT31_d-15","s2","10",523.333333333333,"4",2.2046,NA,3.2996,2.7859,2.3817,2.1336
"205",31,"Leg+","Div2","Tri_alexa",6,"RT31_d+6","s2","10",523.333333333333,"11",2.5498,NA,2.8211,2.6848,NA,3.3231
"206",31,"Leg+","Div2","Tri_alexa",12,"RT31_d+12","s2","10",523.333333333333,"13",NA,NA,1.5242,1.9226,NA,1.5134
"207",31,"Leg+","Div2","Lol_peren",9,"RT31_d+9","s2","10",523.333333333333,"12",0.9134,NA,0.7008,NA,NA,NA
"208",31,"Leg+","Div2","Tri_alexa",-3,"RT31_d-3","s2","10",523.333333333333,"8",NA,NA,2.3887,3.2792,NA,NA
"209",31,"Leg+","Div2","Bra_napus",0,"RT31_d0","s2","10",523.333333333333,"9",2.0925,NA,3.5154,3.4433,2.3793,3.2538
"210",31,"Leg+","Div2","Bra_napus",15,"RT31_d+15","s2","10",523.333333333333,"14",2.8725,NA,2.5215,2.8031,2.3124,4.459
"211",32,"Leg+","Div3","Lol_peren",-12,"RT32_d-12","s2","9",527,"5",0.718,NA,1.2291,NA,NA,1.195
"212",32,"Leg+","Div3","Tri_alexa",-9,"RT32_d-9","s2","9",527,"6",2.5601,NA,3.2628,2.3358,NA,3.2003
"213",32,"Leg+","Div3","Tri_alexa",6,"RT32_d+6","s2","9",527,"11",2.7336,NA,2.3414,2.0542,NA,NA
"214",32,"Leg+","Div3","Bra_napus",0,"RT32_d0","s2","9",527,"9",2.21766,NA,1.4367,1.3552,1.8585,1.4013
"215",32,"Leg+","Div3","Lol_peren",9,"RT32_d+9","s2","9",527,"12",1.2945,NA,1.6258,NA,NA,1.541
"216",32,"Leg+","Div3","Tri_alexa",12,"RT32_d+12","s2","9",527,"13",2.5849,NA,3.5401,1.8691,NA,3.106
"217",32,"Leg+","Div3","Bra_napus",-15,"RT32_d-15","s2","9",527,"4",2.0692,NA,3.2211,2.9236,2.2556,2.5063
"218",32,"Leg+","Div3","Bra_napus",15,"RT32_d+15","s2","9",527,"14",2.3576,NA,2.5309,2.3622,2.3252,2.5303
"219",33,"Leg+","Div0","Tri_alexa",-9,"RT33_d-9","s2","8",523.333333333333,"6",NA,NA,1.9794,2.0471,NA,NA
"220",33,"Leg+","Div0","Tri_alexa",-3,"RT33_d-3","s2","8",523.333333333333,"8",3.0508,NA,2.1784,2.7587,NA,2.1597
"221",33,"Leg+","Div0","Lol_peren",-12,"RT33_d-12","s2","8",523.333333333333,"5",0.9146,NA,1.0667,NA,NA,1.0564
"222",33,"Leg+","Div0","Lol_peren",9,"RT33_d+9","s2","8",523.333333333333,"12",0.8827,NA,1.3219,NA,NA,1.9357
"223",33,"Leg+","Div0","Tri_alexa",12,"RT33_d+12","s2","8",523.333333333333,"13",3.1188,NA,2.7251,2.376,NA,NA
"224",33,"Leg+","Div0","Bra_napus",0,"RT33_d0","s2","8",523.333333333333,"9",2.1063,NA,1.5817,2.1889,2.4876,1.6412
"225",33,"Leg+","Div0","Bra_napus",-15,"RT33_d-15","s2","8",523.333333333333,"4",2.2304,NA,2.9,2.7485,2.2823,2.8195
"226",33,"Leg+","Div0","Bra_napus",15,"RT33_d+15","s2","8",523.333333333333,"14",2.3207,NA,2.6648,2.7467,2.3379,3.3105
"227",33,"Leg+","Div0","Tri_alexa",21,"RT33_d+21","s2","8",523.333333333333,"16",3.1188,NA,NA,NA,NA,NA
"228",34,"Leg+","Div1","Lol_peren",-12,"RT34_d-12","s2","7",546,"5",0.8152,NA,1.0394,NA,NA,0.9885
"229",34,"Leg+","Div1","Bra_napus",0,"RT34_d0","s2","7",546,"9",2.6748,NA,2.8355,2.765,2.2324,2.9046
"230",34,"Leg+","Div1","Lol_peren",9,"RT34_d+9","s2","7",546,"12",1.1715,NA,2.0234,NA,NA,2.5271
"231",34,"Leg+","Div1","Tri_alexa",12,"RT34_d+12","s2","7",546,"13",2.7576,NA,2.3193,1.9237,NA,NA
"232",34,"Leg+","Div1","Tri_alexa",6,"RT34_d+6","s2","7",546,"11",NA,NA,3.4419,5.2535,NA,NA
"233",34,"Leg+","Div1","Tri_alexa",-9,"RT34_d-9","s2","7",546,"6",2.7739,NA,2.3872,2.83,NA,NA
"234",34,"Leg+","Div1","Bra_napus",-15,"RT34_d-15","s2","7",546,"4",2.2868,NA,3.7651,3.5501,2.5853,2.5946
"235",34,"Leg+","Div1","Bra_napus",15,"RT34_d+15","s2","7",546,"14",2.2367,NA,2.3902,2.5779,2.1973,2.104
"236",35,"Leg+","Div2","Bra_napus",-15,"RT35_d-15","s2","6",553.333333333333,"4",2.0844,NA,3.159,2.207,2.5601,2.0495
"237",35,"Leg+","Div2","Tri_alexa",-9,"RT35_d-9","s2","6",553.333333333333,"6",2.3225,NA,2.2256,1.9368,NA,1.9666
"238",35,"Leg+","Div2","Lol_peren",-12,"RT35_d-12","s2","6",553.333333333333,"5",0.8802,NA,1.6983,NA,NA,1.5961
"239",35,"Leg+","Div2","Bra_napus",0,"RT35_d0","s2","6",553.333333333333,"9",2.0618,NA,2.2151,2.1885,1.9422,1.8358
"240",35,"Leg+","Div2","Tri_alexa",6,"RT35_d+6","s2","6",553.333333333333,"11",NA,NA,2.8163,2.2833,NA,NA
"241",35,"Leg+","Div2","Tri_alexa",-3,"RT35_d-3","s2","6",553.333333333333,"8",2.733,NA,NA,2.3536,NA,2.449
"242",35,"Leg+","Div2","Lol_peren",9,"RT35_d+9","s2","6",553.333333333333,"12",1.5333,NA,NA,NA,NA,NA
"243",35,"Leg+","Div2","Bra_napus",15,"RT35_d+15","s2","6",553.333333333333,"14",2.0298,NA,3.2157,2.9247,2.4146,3.5431
"244",36,"Leg+","Div3","Tri_alexa",6,"RT36_d+6","s2","5",584.666666666667,"11",2.6808,NA,2.691,2.4366,NA,NA
"245",36,"Leg+","Div3","Bra_napus",-15,"RT36_d-15","s2","5",584.666666666667,"4",2.3798,NA,3.6186,2.6492,2.3882,2.8454
"246",36,"Leg+","Div3","Tri_alexa",-9,"RT36_d-9","s2","5",584.666666666667,"6",2.8046,NA,NA,1.7772,NA,2.55765
"247",36,"Leg+","Div3","Bra_napus",15,"RT36_d+15","s2","5",584.666666666667,"14",2.3395,NA,3.5135,3.1138,2.7144,3.0752
"248",36,"Leg+","Div3","Lol_peren",9,"RT36_d+9","s2","5",584.666666666667,"12",1.056,NA,1.9524,NA,NA,1.7049
"249",36,"Leg+","Div3","Tri_alexa",-3,"RT36_d-3","s2","5",584.666666666667,"8",2.7368,NA,NA,2.0502,NA,1.88705
"250",36,"Leg+","Div3","Lol_peren",-12,"RT36_d-12","s2","5",584.666666666667,"5",1.07895,NA,1.881,NA,NA,1.7753
"251",36,"Leg+","Div3","Tri_alexa",12,"RT36_d+12","s2","5",584.666666666667,"13",2.2908,NA,NA,2.4328,NA,3.4089
"252",37,"Leg+","Div0","Tri_alexa",-9,"RT37_d-9","s2","4",551,"6",2.7978,NA,3.1403,2.0903,NA,NA
"253",37,"Leg+","Div0","Tri_alexa",-3,"RT37_d-3","s2","4",551,"8",2.5978,NA,3.5639,2.1345,NA,NA
"254",37,"Leg+","Div0","Bra_napus",0,"RT37_d0","s2","4",551,"9",2.0792,NA,2.86,2.3758,2.1753,2.1418
"255",37,"Leg+","Div0","Tri_alexa",6,"RT37_d+6","s2","4",551,"11",2.8276,NA,3.4273,2.9854,NA,2.2492
"256",37,"Leg+","Div0","Lol_peren",-12,"RT37_d-12","s2","4",551,"5",1.2378,NA,1.1611,NA,NA,1.0285
"257",37,"Leg+","Div0","Lol_peren",9,"RT37_d+9","s2","4",551,"12",1.0313,NA,1.3956,NA,NA,NA
"258",37,"Leg+","Div0","Tri_alexa",12,"RT37_d+12","s2","4",551,"13",2.6246,NA,3.3929,2.1743,NA,4.1918
"259",37,"Leg+","Div0","Bra_napus",-15,"RT37_d-15","s2","4",551,"4",2.17575,NA,1.3478,1.4649,2.0623,1.3115
"260",37,"Leg+","Div0","Bra_napus",15,"RT37_d+15","s2","4",551,"14",2.1722,NA,2.9402,2.6577,2.7544,2.451
"261",38,"Leg+","Div1","Bra_napus",-15,"RT38_d-15","s2","3",564,"4",2.1726,NA,1.9917,1.7997,2.024,1.5253
"262",38,"Leg+","Div1","Lol_peren",-12,"RT38_d-12","s2","3",564,"5",1.1295,NA,1.4322,NA,NA,1.5226
"263",38,"Leg+","Div1","Tri_alexa",6,"RT38_d+6","s2","3",564,"11",2.496,NA,NA,2.0709,NA,NA
"264",38,"Leg+","Div1","Bra_napus",0,"RT38_d0","s2","3",564,"9",2.1232,NA,NA,2.7296,2.3878,2.6532
"265",38,"Leg+","Div1","Tri_alexa",-3,"RT38_d-3","s2","3",564,"8",2.9211,NA,3.6937,2.7293,NA,NA
"266",38,"Leg+","Div1","Tri_alexa",-9,"RT38_d-9","s2","3",564,"6",NA,NA,2.2871,1.9208,NA,NA
"267",38,"Leg+","Div1","Lol_peren",9,"RT38_d+9","s2","3",564,"12",0.8424,NA,0.9355,NA,NA,1.0881
"268",38,"Leg+","Div1","Bra_napus",15,"RT38_d+15","s2","3",564,"14",2.158,NA,3.0755,2.8215,2.4237,1.8764
"269",39,"Leg+","Div2","Lol_peren",-12,"RT39_d-12","s2","2",544,"5",1.11605,NA,1.1628,NA,NA,1.2398
"270",39,"Leg+","Div2","Tri_alexa",-9,"RT39_d-9","s2","2",544,"6",2.1827,NA,2.878,2.1151,NA,NA
"271",39,"Leg+","Div2","Tri_alexa",-3,"RT39_d-3","s2","2",544,"8",2.655,NA,2.2877,2.249,NA,3.0521
"272",39,"Leg+","Div2","Bra_napus",0,"RT39_d0","s2","2",544,"9",2.3017,NA,2.3948,2.1795,1.8136,1.8782
"273",39,"Leg+","Div2","Lol_peren",9,"RT39_d+9","s2","2",544,"12",1.1168,NA,NA,NA,NA,2.3456
"274",39,"Leg+","Div2","Tri_alexa",6,"RT39_d+6","s2","2",544,"11",2.5366,NA,3.341,2.3222,NA,NA
"275",39,"Leg+","Div2","Tri_alexa",12,"RT39_d+12","s2","2",544,"13",2.4685,NA,3.3175,2.5612,NA,NA
"276",39,"Leg+","Div2","Bra_napus",-15,"RT39_d-15","s2","2",544,"4",2.1732,NA,3.2964,2.5998,2.5603,2.6789
"277",39,"Leg+","Div2","Bra_napus",15,"RT39_d+15","s2","2",544,"14",2.3537,NA,3.3844,2.6773,2.7487,2.7955
"278",40,"Leg+","Div3","Lol_peren",-12,"RT40_d-12","s2","1",488.79,"5",0.9501,NA,1.6143,NA,NA,1.6802
"279",40,"Leg+","Div3","Bra_napus",0,"RT40_d0","s2","1",488.79,"9",1.9387,NA,2.232,3.1039,2.1991,1.9462
"280",40,"Leg+","Div3","Tri_alexa",6,"RT40_d+6","s2","1",488.79,"11",NA,NA,2.0292,1.6763,NA,NA
"281",40,"Leg+","Div3","Tri_alexa",12,"RT40_d+12","s2","1",488.79,"13",NA,NA,2.8744,2.4457,NA,2.2825
"282",40,"Leg+","Div3","Tri_alexa",-9,"RT40_d-9","s2","1",488.79,"6",2.5147,NA,3.2336,1.9463,NA,NA
"283",40,"Leg+","Div3","Bra_napus",-15,"RT40_d-15","s2","1",488.79,"4",1.7984,NA,3.8564,2.2132,2.5039,3.4002
"284",40,"Leg+","Div3","Lol_peren",9,"RT40_d+9","s2","1",488.79,"12",0.9659,NA,1.1992,NA,NA,1.1809
"285",40,"Leg+","Div3","Bra_napus",15,"RT40_d+15","s2","1",488.79,"14",1.9336,NA,3.0564,2.3161,2.4134,1.5831
"286",41,"Leg-","Div1","Bra_napus",-15,"RT41_d-15","s2","11",507.333333333333,"14",2.2301,NA,2.7331,2.2094,2.33905,2.621
"287",41,"Leg-","Div1","Bra_napus",15,"RT41_d+15","s2","11",507.333333333333,"4",1.9528,NA,3.9641,3.3243,2.7096,3.8829
"288",41,"Leg-","Div1","Lol_peren",-3,"RT41_d-3","s2","11",507.333333333333,"10",1.1761,NA,2.4108,NA,NA,2.6952
"289",41,"Leg-","Div1","Lol_peren",-12,"RT41_d-12","s2","11",507.333333333333,"13",1.3307,NA,2.1351,NA,NA,2.6577
"290",41,"Leg-","Div1","Bra_napus",0,"RT41_d0","s2","11",507.333333333333,"9",2.1079,NA,3.6947,3.6594,2.6667,4.0742
"291",41,"Leg-","Div1","Lol_peren",9,"RT41_d+9","s2","11",507.333333333333,"6",0.8441,NA,1.4293,NA,NA,1.4533
"292",42,"Leg+","Div2","Lol_peren",-12,"RT42_d-12","s2","11",523.333333333333,"5",0.8012,NA,1.7962,NA,NA,1.5584
"293",42,"Leg+","Div2","Tri_alexa",-9,"RT42_d-9","s2","11",523.333333333333,"6",2.6626,NA,2.4271,2.241,NA,2.4057
"294",42,"Leg+","Div2","Bra_napus",0,"RT42_d0","s2","11",523.333333333333,"9",2.279,NA,4.0166,3.6016,2.8536,3.82
"295",42,"Leg+","Div2","Bra_napus",-15,"RT42_d-15","s2","11",523.333333333333,"4",2.2132,NA,4.0151,3.3555,2.8427,3.7336
"296",42,"Leg+","Div2","Tri_alexa",6,"RT42_d+6","s2","11",523.333333333333,"11",3.3322,NA,2.7789,2.4587,NA,3.4055
"297",42,"Leg+","Div2","Lol_peren",9,"RT42_d+9","s2","11",523.333333333333,"12",0.9467,NA,1.5245,NA,NA,1.3135
"298",42,"Leg+","Div2","Bra_napus",15,"RT42_d+15","s2","11",523.333333333333,"14",2.3347,NA,4.3699,3.8503,3.3051,3.7002
